"id","department_id","country_id","version_a","name"
"1","325","1","1","name"
"2","326","1","1","comments"
"3","327","1","1","poids1"
"4","328","1","1","poids2"
"5","329","1","1","bigger"
"6","330","1","1","standard"
"7","331","1","1","binaire"
"8","332","1","1","time"
"9","333","1","1","new_date"
"10","335","1","1","new_datetime"
"11","336","1","1","complex"
"12","339","1","1","graphical"
"13","343","1","1","google"
"14","344","1","1","new_label"
"15","735","1","1","new_container527"
"16","850","1","1","truc"
"17","1109","1","1","new_label344"
"18","1155","1","1","Test"
"19","1156","1","1","titi"
"20","1157","1","1","tutu"
"21","1158","1","1","tt"
